File,LOC,SLOC-P,SLOC-L,MVG,BLOC,C&SLOC,CLOC,CWORD,HCLOC,HCWORD
C:\EpicForceBackup\EpicForceEngine\EpicForceEngine\MagnumEngineLib\MagnumCore\AABB2.cpp,12,2,1,0,2,0,8,27,8,27
C:\EpicForceBackup\EpicForceEngine\EpicForceEngine\MagnumEngineLib\MagnumCore\AABB3.cpp,12,2,1,0,2,0,8,27,8,27
C:\EpicForceBackup\EpicForceEngine\EpicForceEngine\MagnumEngineLib\MagnumCore\AnimBase.cpp,38,24,10,2,5,0,9,28,8,27
C:\EpicForceBackup\EpicForceEngine\EpicForceEngine\MagnumEngineLib\MagnumCore\Arc2.cpp,12,2,1,0,2,0,8,27,8,27
C:\EpicForceBackup\EpicForceEngine\EpicForceEngine\MagnumEngineLib\MagnumCore\Array.cpp,10,2,1,0,0,0,8,27,8,27
C:\EpicForceBackup\EpicForceEngine\EpicForceEngine\MagnumEngineLib\MagnumCore\AttributesBlock.cpp,132,98,51,35,26,0,8,27,8,27
C:\EpicForceBackup\EpicForceEngine\EpicForceEngine\MagnumEngineLib\MagnumCore\Audio.cpp,477,354,220,61,102,7,21,151,8,27
C:\EpicForceBackup\EpicForceEngine\EpicForceEngine\MagnumEngineLib\MagnumCore\AudioClip.cpp,232,173,93,15,43,0,16,38,8,27
C:\EpicForceBackup\EpicForceEngine\EpicForceEngine\MagnumEngineLib\MagnumCore\AudioComponent.cpp,34,21,9,3,5,0,8,27,8,27
C:\EpicForceBackup\EpicForceEngine\EpicForceEngine\MagnumEngineLib\MagnumCore\AudioListener.cpp,58,40,13,1,10,0,8,27,8,27
C:\EpicForceBackup\EpicForceEngine\EpicForceEngine\MagnumEngineLib\MagnumCore\AudioListenerBase.cpp,26,16,7,1,2,0,8,27,8,27
C:\EpicForceBackup\EpicForceEngine\EpicForceEngine\MagnumEngineLib\MagnumCore\AudioSourceBase.cpp,333,264,147,32,59,0,10,33,8,27
C:\EpicForceBackup\EpicForceEngine\EpicForceEngine\MagnumEngineLib\MagnumCore\AudioStream.cpp,180,135,75,14,29,0,16,41,8,27
C:\EpicForceBackup\EpicForceEngine\EpicForceEngine\MagnumEngineLib\MagnumCore\BaryCentric.cpp,50,33,21,3,9,0,8,27,8,27
C:\EpicForceBackup\EpicForceEngine\EpicForceEngine\MagnumEngineLib\MagnumCore\BasicScene.cpp,29,16,8,0,5,0,8,27,8,27
C:\EpicForceBackup\EpicForceEngine\EpicForceEngine\MagnumEngineLib\MagnumCore\BezierCurve2.cpp,329,244,177,28,49,0,36,111,8,27
C:\EpicForceBackup\EpicForceEngine\EpicForceEngine\MagnumEngineLib\MagnumCore\BezierCurve3.cpp,329,244,177,28,49,0,36,111,8,27
C:\EpicForceBackup\EpicForceEngine\EpicForceEngine\MagnumEngineLib\MagnumCore\BillBoard.cpp,204,159,88,13,35,0,10,31,8,27
C:\EpicForceBackup\EpicForceEngine\EpicForceEngine\MagnumEngineLib\MagnumCore\BillBoardRenderer.cpp,98,72,47,5,18,0,8,27,8,27
C:\EpicForceBackup\EpicForceEngine\EpicForceEngine\MagnumEngineLib\MagnumCore\Box3Collider.cpp,82,58,25,6,16,0,8,27,8,27
C:\EpicForceBackup\EpicForceEngine\EpicForceEngine\MagnumEngineLib\MagnumCore\BoxShape3.cpp,58,39,22,2,11,0,8,27,8,27
C:\EpicForceBackup\EpicForceEngine\EpicForceEngine\MagnumEngineLib\MagnumCore\BSplineBasis.cpp,411,318,165,54,57,3,36,90,8,27
C:\EpicForceBackup\EpicForceEngine\EpicForceEngine\MagnumEngineLib\MagnumCore\BSplineCurve2.cpp,244,180,94,27,32,0,32,59,8,27
C:\EpicForceBackup\EpicForceEngine\EpicForceEngine\MagnumEngineLib\MagnumCore\BSplineCurve3.cpp,244,181,94,27,32,0,31,57,8,27
C:\EpicForceBackup\EpicForceEngine\EpicForceEngine\MagnumEngineLib\MagnumCore\BVector2.cpp,24,13,8,1,3,0,8,27,8,27
C:\EpicForceBackup\EpicForceEngine\EpicForceEngine\MagnumEngineLib\MagnumCore\BVector3.cpp,26,15,10,1,3,0,8,27,8,27
C:\EpicForceBackup\EpicForceEngine\EpicForceEngine\MagnumEngineLib\MagnumCore\BVector4.cpp,28,17,12,1,3,0,8,27,8,27
C:\EpicForceBackup\EpicForceEngine\EpicForceEngine\MagnumEngineLib\MagnumCore\BVHTriangleMeshCollider.cpp,75,49,20,6,15,0,11,32,8,27
C:\EpicForceBackup\EpicForceEngine\EpicForceEngine\MagnumEngineLib\MagnumCore\BVHTriangleMeshShape3.cpp,244,186,90,11,41,0,17,46,8,27
C:\EpicForceBackup\EpicForceEngine\EpicForceEngine\MagnumEngineLib\MagnumCore\CameraComponent.cpp,168,95,52,7,25,0,48,89,8,27
C:\EpicForceBackup\EpicForceEngine\EpicForceEngine\MagnumEngineLib\MagnumCore\Capsule3.cpp,12,2,1,0,2,0,8,27,8,27
C:\EpicForceBackup\EpicForceEngine\EpicForceEngine\MagnumEngineLib\MagnumCore\Capsule3Collider.cpp,82,58,25,6,16,0,8,27,8,27
C:\EpicForceBackup\EpicForceEngine\EpicForceEngine\MagnumEngineLib\MagnumCore\CapsuleBound.cpp,31,19,9,2,4,0,8,27,8,27
C:\EpicForceBackup\EpicForceEngine\EpicForceEngine\MagnumEngineLib\MagnumCore\CapsuleShape3.cpp,72,52,30,6,12,0,8,27,8,27
C:\EpicForceBackup\EpicForceEngine\EpicForceEngine\MagnumEngineLib\MagnumCore\Circle2.cpp,12,2,1,0,2,0,8,27,8,27
C:\EpicForceBackup\EpicForceEngine\EpicForceEngine\MagnumEngineLib\MagnumCore\Circle3.cpp,10,2,1,0,0,0,8,27,8,27
C:\EpicForceBackup\EpicForceEngine\EpicForceEngine\MagnumEngineLib\MagnumCore\ClassIndexMap.cpp,105,90,58,6,14,0,1,1,0,0
C:\EpicForceBackup\EpicForceEngine\EpicForceEngine\MagnumEngineLib\MagnumCore\Collision.cpp,447,231,113,26,61,2,155,763,8,27
C:\EpicForceBackup\EpicForceEngine\EpicForceEngine\MagnumEngineLib\MagnumCore\ColorRGB.cpp,101,76,48,7,17,0,8,27,8,27
C:\EpicForceBackup\EpicForceEngine\EpicForceEngine\MagnumEngineLib\MagnumCore\ColorRGBA.cpp,104,79,51,7,17,0,8,27,8,27
C:\EpicForceBackup\EpicForceEngine\EpicForceEngine\MagnumEngineLib\MagnumCore\Component.cpp,397,278,131,50,60,0,59,104,8,27
C:\EpicForceBackup\EpicForceEngine\EpicForceEngine\MagnumEngineLib\MagnumCore\Cone3.cpp,10,2,1,0,0,0,8,27,8,27
C:\EpicForceBackup\EpicForceEngine\EpicForceEngine\MagnumEngineLib\MagnumCore\Cone3Collider.cpp,82,58,25,6,16,0,8,27,8,27
C:\EpicForceBackup\EpicForceEngine\EpicForceEngine\MagnumEngineLib\MagnumCore\ConeShape3.cpp,77,56,34,6,13,0,8,27,8,27
C:\EpicForceBackup\EpicForceEngine\EpicForceEngine\MagnumEngineLib\MagnumCore\ConvexHull3Collider.cpp,75,50,20,3,15,0,10,29,8,23
C:\EpicForceBackup\EpicForceEngine\EpicForceEngine\MagnumEngineLib\MagnumCore\ConvexHullShape3.cpp,53,36,21,2,9,0,8,23,8,23
C:\EpicForceBackup\EpicForceEngine\EpicForceEngine\MagnumEngineLib\MagnumCore\Cube.cpp,144,103,54,9,24,0,17,43,8,27
C:\EpicForceBackup\EpicForceEngine\EpicForceEngine\MagnumEngineLib\MagnumCore\CubeRenderer.cpp,95,69,46,5,18,0,8,27,8,27
C:\EpicForceBackup\EpicForceEngine\EpicForceEngine\MagnumEngineLib\MagnumCore\Curve2.cpp,192,139,83,13,30,0,23,64,0,0
C:\EpicForceBackup\EpicForceEngine\EpicForceEngine\MagnumEngineLib\MagnumCore\Curve3.cpp,238,179,114,17,33,0,26,72,0,0
C:\EpicForceBackup\EpicForceEngine\EpicForceEngine\MagnumEngineLib\MagnumCore\Cylinder3.cpp,10,2,1,0,0,0,8,27,8,27
C:\EpicForceBackup\EpicForceEngine\EpicForceEngine\MagnumEngineLib\MagnumCore\Cylinder3Collider.cpp,82,58,25,6,16,0,8,27,8,27
C:\EpicForceBackup\EpicForceEngine\EpicForceEngine\MagnumEngineLib\MagnumCore\CylinderShape3.cpp,76,56,34,6,12,0,8,27,8,27
C:\EpicForceBackup\EpicForceEngine\EpicForceEngine\MagnumEngineLib\MagnumCore\Delegate.cpp,79,61,33,9,10,0,8,27,8,27
C:\EpicForceBackup\EpicForceEngine\EpicForceEngine\MagnumEngineLib\MagnumCore\DiffuseMapCube.cpp,129,96,48,7,24,0,9,28,8,27
C:\EpicForceBackup\EpicForceEngine\EpicForceEngine\MagnumEngineLib\MagnumCore\DiffuseMapCubeRenderer.cpp,120,90,59,7,22,0,8,27,8,27
C:\EpicForceBackup\EpicForceEngine\EpicForceEngine\MagnumEngineLib\MagnumCore\DiffuseMapSpecularMapCube.cpp,136,102,53,9,25,0,9,28,8,27
C:\EpicForceBackup\EpicForceEngine\EpicForceEngine\MagnumEngineLib\MagnumCore\DiffuseMapSpecularMapCubeRenderer.cpp,126,96,65,7,22,0,8,27,8,27
C:\EpicForceBackup\EpicForceEngine\EpicForceEngine\MagnumEngineLib\MagnumCore\EditorCameraComponent.cpp,23,12,4,0,3,0,8,27,8,27
C:\EpicForceBackup\EpicForceEngine\EpicForceEngine\MagnumEngineLib\MagnumCore\EditorGizmo.cpp,261,207,133,9,46,5,8,32,8,27
C:\EpicForceBackup\EpicForceEngine\EpicForceEngine\MagnumEngineLib\MagnumCore\EditorGizmoRenderer.cpp,41,27,10,2,6,0,8,27,8,27
C:\EpicForceBackup\EpicForceEngine\EpicForceEngine\MagnumEngineLib\MagnumCore\EMath.cpp,34,24,21,1,2,0,8,27,8,27
C:\EpicForceBackup\EpicForceEngine\EpicForceEngine\MagnumEngineLib\MagnumCore\Entity.cpp,431,338,166,71,75,0,18,37,8,27
C:\EpicForceBackup\EpicForceEngine\EpicForceEngine\MagnumEngineLib\MagnumCore\EntityFieldReader.cpp,49,31,16,7,9,0,9,28,8,27
C:\EpicForceBackup\EpicForceEngine\EpicForceEngine\MagnumEngineLib\MagnumCore\EntityFieldWriter.cpp,48,30,15,7,9,0,9,28,8,27
C:\EpicForceBackup\EpicForceEngine\EpicForceEngine\MagnumEngineLib\MagnumCore\EntityPropertyReader.cpp,49,31,16,7,9,0,9,28,8,27
C:\EpicForceBackup\EpicForceEngine\EpicForceEngine\MagnumEngineLib\MagnumCore\EntityPropertyWriter.cpp,48,30,15,7,9,0,9,28,8,27
C:\EpicForceBackup\EpicForceEngine\EpicForceEngine\MagnumEngineLib\MagnumCore\EString.cpp,773,663,415,186,94,2,16,77,8,27
C:\EpicForceBackup\EpicForceEngine\EpicForceEngine\MagnumEngineLib\MagnumCore\ESystem.cpp,321,226,125,58,44,7,51,233,8,27
C:\EpicForceBackup\EpicForceEngine\EpicForceEngine\MagnumEngineLib\MagnumCore\FileIO.cpp,952,803,455,159,124,1,25,98,8,27
C:\EpicForceBackup\EpicForceEngine\EpicForceEngine\MagnumEngineLib\MagnumCore\Font.cpp,723,546,333,88,137,1,40,218,8,27
C:\EpicForceBackup\EpicForceEngine\EpicForceEngine\MagnumEngineLib\MagnumCore\Frame3.cpp,551,313,169,29,99,4,139,217,8,27
C:\EpicForceBackup\EpicForceEngine\EpicForceEngine\MagnumEngineLib\MagnumCore\GameDescriptor.cpp,131,105,64,8,18,0,8,27,8,27
C:\EpicForceBackup\EpicForceEngine\EpicForceEngine\MagnumEngineLib\MagnumCore\Graphics2.cpp,150,122,48,10,19,0,9,24,8,23
C:\EpicForceBackup\EpicForceEngine\EpicForceEngine\MagnumEngineLib\MagnumCore\Graphics2Component.cpp,23,13,3,0,2,0,8,27,8,27
C:\EpicForceBackup\EpicForceEngine\EpicForceEngine\MagnumEngineLib\MagnumCore\Graphics3Component.cpp,23,13,3,0,2,0,8,27,8,27
C:\EpicForceBackup\EpicForceEngine\EpicForceEngine\MagnumEngineLib\MagnumCore\GXAttribute.cpp,43,35,18,5,8,0,0,0,0,0
C:\EpicForceBackup\EpicForceEngine\EpicForceEngine\MagnumEngineLib\MagnumCore\GXBlendState.cpp,43,35,18,3,8,0,0,0,0,0
C:\EpicForceBackup\EpicForceEngine\EpicForceEngine\MagnumEngineLib\MagnumCore\GXColorBuffer.cpp,6,5,1,0,1,0,0,0,0,0
C:\EpicForceBackup\EpicForceEngine\EpicForceEngine\MagnumEngineLib\MagnumCore\GXContext.cpp,1763,1206,610,117,278,5,279,922,0,0
C:\EpicForceBackup\EpicForceEngine\EpicForceEngine\MagnumEngineLib\MagnumCore\GXCullState.cpp,21,17,8,1,4,0,0,0,0,0
C:\EpicForceBackup\EpicForceEngine\EpicForceEngine\MagnumEngineLib\MagnumCore\GXDebugRenderer.cpp,22,18,7,0,4,0,0,0,0,0
C:\EpicForceBackup\EpicForceEngine\EpicForceEngine\MagnumEngineLib\MagnumCore\GXDef.cpp,962,821,411,72,119,0,22,22,0,0
C:\EpicForceBackup\EpicForceEngine\EpicForceEngine\MagnumEngineLib\MagnumCore\GXDepthBuffer.cpp,6,5,1,0,1,0,0,0,0,0
C:\EpicForceBackup\EpicForceEngine\EpicForceEngine\MagnumEngineLib\MagnumCore\GXDepthTestState.cpp,32,26,13,2,6,0,0,0,0,0
C:\EpicForceBackup\EpicForceEngine\EpicForceEngine\MagnumEngineLib\MagnumCore\GXFrameBuffer.cpp,99,84,48,11,15,0,0,0,0,0
C:\EpicForceBackup\EpicForceEngine\EpicForceEngine\MagnumEngineLib\MagnumCore\GXIndexBuffer.cpp,101,84,51,10,17,0,0,0,0,0
C:\EpicForceBackup\EpicForceEngine\EpicForceEngine\MagnumEngineLib\MagnumCore\GXPixelBuffer.cpp,120,91,53,15,21,0,8,35,0,0
C:\EpicForceBackup\EpicForceEngine\EpicForceEngine\MagnumEngineLib\MagnumCore\GXPolygonOffsetState.cpp,22,18,9,2,4,0,0,0,0,0
C:\EpicForceBackup\EpicForceEngine\EpicForceEngine\MagnumEngineLib\MagnumCore\GXPrimitive.cpp,14,12,7,0,2,0,0,0,0,0
C:\EpicForceBackup\EpicForceEngine\EpicForceEngine\MagnumEngineLib\MagnumCore\GXRenderTarget.cpp,57,49,32,0,8,0,0,0,0,0
C:\EpicForceBackup\EpicForceEngine\EpicForceEngine\MagnumEngineLib\MagnumCore\GXShaderProgram.cpp,626,471,271,78,111,0,44,73,0,0
C:\EpicForceBackup\EpicForceEngine\EpicForceEngine\MagnumEngineLib\MagnumCore\GXStencilOpState.cpp,43,35,18,3,8,0,0,0,0,0
C:\EpicForceBackup\EpicForceEngine\EpicForceEngine\MagnumEngineLib\MagnumCore\GXStencilTestState.cpp,54,44,23,4,10,0,0,0,0,0
C:\EpicForceBackup\EpicForceEngine\EpicForceEngine\MagnumEngineLib\MagnumCore\GXTexture.cpp,136,99,45,9,22,0,15,79,0,0
C:\EpicForceBackup\EpicForceEngine\EpicForceEngine\MagnumEngineLib\MagnumCore\GXTexture2D.cpp,69,57,17,0,12,0,0,0,0,0
C:\EpicForceBackup\EpicForceEngine\EpicForceEngine\MagnumEngineLib\MagnumCore\GXTextureCube.cpp,71,59,17,0,12,0,0,0,0,0
C:\EpicForceBackup\EpicForceEngine\EpicForceEngine\MagnumEngineLib\MagnumCore\GXTextureFilterState.cpp,32,26,13,2,6,0,0,0,0,0
C:\EpicForceBackup\EpicForceEngine\EpicForceEngine\MagnumEngineLib\MagnumCore\GXTextureWrapState.cpp,32,26,13,2,6,0,0,0,0,0
C:\EpicForceBackup\EpicForceEngine\EpicForceEngine\MagnumEngineLib\MagnumCore\GXUniform.cpp,107,84,56,6,23,0,0,0,0,0
C:\EpicForceBackup\EpicForceEngine\EpicForceEngine\MagnumEngineLib\MagnumCore\GXVertexBuffer.cpp,113,93,54,14,20,0,0,0,0,0
C:\EpicForceBackup\EpicForceEngine\EpicForceEngine\MagnumEngineLib\MagnumCore\HeightFieldCollider.cpp,75,50,20,3,15,0,10,32,8,27
C:\EpicForceBackup\EpicForceEngine\EpicForceEngine\MagnumEngineLib\MagnumCore\HeightFieldShape3.cpp,196,148,77,10,35,0,13,35,8,27
C:\EpicForceBackup\EpicForceEngine\EpicForceEngine\MagnumEngineLib\MagnumCore\IComponentDebugRenderer.cpp,731,605,287,21,113,0,13,71,8,27
C:\EpicForceBackup\EpicForceEngine\EpicForceEngine\MagnumEngineLib\MagnumCore\Input.cpp,162,121,81,9,32,0,9,28,8,27
C:\EpicForceBackup\EpicForceEngine\EpicForceEngine\MagnumEngineLib\MagnumCore\InputStream.cpp,298,231,113,17,47,0,20,46,8,27
C:\EpicForceBackup\EpicForceEngine\EpicForceEngine\MagnumEngineLib\MagnumCore\IO.cpp,56,37,19,5,11,0,8,27,8,27
C:\EpicForceBackup\EpicForceEngine\EpicForceEngine\MagnumEngineLib\MagnumCore\IVector2.cpp,15,6,5,0,1,0,8,27,8,27
C:\EpicForceBackup\EpicForceEngine\EpicForceEngine\MagnumEngineLib\MagnumCore\IVector3.cpp,16,7,6,0,1,0,8,27,8,27
C:\EpicForceBackup\EpicForceEngine\EpicForceEngine\MagnumEngineLib\MagnumCore\IVector4.cpp,17,8,7,0,1,0,8,27,8,27
C:\EpicForceBackup\EpicForceEngine\EpicForceEngine\MagnumEngineLib\MagnumCore\Layer.cpp,77,53,25,8,14,0,10,19,8,17
C:\EpicForceBackup\EpicForceEngine\EpicForceEngine\MagnumEngineLib\MagnumCore\Line2.cpp,10,2,1,0,0,0,8,27,8,27
C:\EpicForceBackup\EpicForceEngine\EpicForceEngine\MagnumEngineLib\MagnumCore\Line3.cpp,10,2,1,0,0,0,8,27,8,27
C:\EpicForceBackup\EpicForceEngine\EpicForceEngine\MagnumEngineLib\MagnumCore\List.cpp,10,2,1,0,0,0,8,27,8,27
C:\EpicForceBackup\EpicForceEngine\EpicForceEngine\MagnumEngineLib\MagnumCore\Lozenge3.cpp,10,2,1,0,0,0,8,27,8,27
C:\EpicForceBackup\EpicForceEngine\EpicForceEngine\MagnumEngineLib\MagnumCore\MagnumPrefab.cpp,145,107,51,12,27,0,11,31,8,27
C:\EpicForceBackup\EpicForceEngine\EpicForceEngine\MagnumEngineLib\MagnumCore\MagnumScene.cpp,145,107,51,12,27,0,11,31,8,27
C:\EpicForceBackup\EpicForceEngine\EpicForceEngine\MagnumEngineLib\MagnumCore\Matrix2.cpp,18,9,3,0,1,0,8,27,8,27
C:\EpicForceBackup\EpicForceEngine\EpicForceEngine\MagnumEngineLib\MagnumCore\Matrix3.cpp,20,11,3,0,1,0,8,27,8,27
C:\EpicForceBackup\EpicForceEngine\EpicForceEngine\MagnumEngineLib\MagnumCore\Matrix4.cpp,23,13,5,0,2,0,8,27,8,27
C:\EpicForceBackup\EpicForceEngine\EpicForceEngine\MagnumEngineLib\MagnumCore\MultipleCurve2.cpp,268,201,119,33,35,0,32,107,8,27
C:\EpicForceBackup\EpicForceEngine\EpicForceEngine\MagnumEngineLib\MagnumCore\MultipleCurve3.cpp,267,201,119,33,34,0,32,107,8,27
C:\EpicForceBackup\EpicForceEngine\EpicForceEngine\MagnumEngineLib\MagnumCore\OrthographicCameraComponent.cpp,54,35,19,0,10,0,9,28,8,27
C:\EpicForceBackup\EpicForceEngine\EpicForceEngine\MagnumEngineLib\MagnumCore\OutputStream.cpp,387,307,161,31,61,0,19,47,8,27
C:\EpicForceBackup\EpicForceEngine\EpicForceEngine\MagnumEngineLib\MagnumCore\ParticleEmitter.cpp,287,217,134,23,53,0,17,51,8,27
C:\EpicForceBackup\EpicForceEngine\EpicForceEngine\MagnumEngineLib\MagnumCore\ParticleEmitterRenderer.cpp,110,82,39,6,18,0,10,32,8,27
C:\EpicForceBackup\EpicForceEngine\EpicForceEngine\MagnumEngineLib\MagnumCore\PerspectiveCameraComponent.cpp,70,46,26,0,16,0,8,27,8,27
C:\EpicForceBackup\EpicForceEngine\EpicForceEngine\MagnumEngineLib\MagnumCore\Physics3.cpp,1442,1031,663,92,299,0,112,777,8,27
C:\EpicForceBackup\EpicForceEngine\EpicForceEngine\MagnumEngineLib\MagnumCore\Plane3.cpp,10,2,1,0,0,0,8,27,8,27
C:\EpicForceBackup\EpicForceEngine\EpicForceEngine\MagnumEngineLib\MagnumCore\Platform.cpp,31,19,12,1,4,0,8,27,8,27
C:\EpicForceBackup\EpicForceEngine\EpicForceEngine\MagnumEngineLib\MagnumCore\Polyhedron3.cpp,12,2,1,0,2,0,8,27,8,27
C:\EpicForceBackup\EpicForceEngine\EpicForceEngine\MagnumEngineLib\MagnumCore\Polynomial1.cpp,10,2,1,0,0,0,8,27,8,27
C:\EpicForceBackup\EpicForceEngine\EpicForceEngine\MagnumEngineLib\MagnumCore\ProjectModelViewBase.cpp,99,79,36,8,19,1,1,2,0,0
C:\EpicForceBackup\EpicForceEngine\EpicForceEngine\MagnumEngineLib\MagnumCore\PVRTexConvert.cpp,327,262,147,41,42,26,23,86,8,27
C:\EpicForceBackup\EpicForceEngine\EpicForceEngine\MagnumEngineLib\MagnumCore\PVRTexLoad.cpp,1332,925,556,124,211,59,196,1195,8,27
C:\EpicForceBackup\EpicForceEngine\EpicForceEngine\MagnumEngineLib\MagnumCore\Quadratic2.cpp,10,2,1,0,0,0,8,27,8,27
C:\EpicForceBackup\EpicForceEngine\EpicForceEngine\MagnumEngineLib\MagnumCore\Quadratic3.cpp,10,2,1,0,0,0,8,27,8,27
C:\EpicForceBackup\EpicForceEngine\EpicForceEngine\MagnumEngineLib\MagnumCore\Quaternion.cpp,15,5,5,0,2,0,8,27,8,27
C:\EpicForceBackup\EpicForceEngine\EpicForceEngine\MagnumEngineLib\MagnumCore\Ray2.cpp,10,2,1,0,0,0,8,27,8,27
C:\EpicForceBackup\EpicForceEngine\EpicForceEngine\MagnumEngineLib\MagnumCore\Ray3.cpp,10,2,1,0,0,0,8,27,8,27
C:\EpicForceBackup\EpicForceEngine\EpicForceEngine\MagnumEngineLib\MagnumCore\RaySphereCast.cpp,1,1,0,0,0,0,0,0,0,0
C:\EpicForceBackup\EpicForceEngine\EpicForceEngine\MagnumEngineLib\MagnumCore\Rectangle2.cpp,10,2,1,0,0,0,8,27,8,27
C:\EpicForceBackup\EpicForceEngine\EpicForceEngine\MagnumEngineLib\MagnumCore\Rectangle3.cpp,10,2,1,0,0,0,8,27,8,27
C:\EpicForceBackup\EpicForceEngine\EpicForceEngine\MagnumEngineLib\MagnumCore\ReflectedClassFieldReader.cpp,10,2,1,0,0,0,8,27,8,27
C:\EpicForceBackup\EpicForceEngine\EpicForceEngine\MagnumEngineLib\MagnumCore\ReflectedClassFieldWriter.cpp,10,2,1,0,0,0,8,27,8,27
C:\EpicForceBackup\EpicForceEngine\EpicForceEngine\MagnumEngineLib\MagnumCore\ReflectedClassPropertyReader.cpp,10,2,1,0,0,0,8,27,8,27
C:\EpicForceBackup\EpicForceEngine\EpicForceEngine\MagnumEngineLib\MagnumCore\ReflectedClassPropertyWriter.cpp,10,2,1,0,0,0,8,27,8,27
C:\EpicForceBackup\EpicForceEngine\EpicForceEngine\MagnumEngineLib\MagnumCore\RendererBase.cpp,30,19,8,2,3,0,8,27,8,27
C:\EpicForceBackup\EpicForceEngine\EpicForceEngine\MagnumEngineLib\MagnumCore\RenderStatesBlock.cpp,379,339,198,51,32,87,8,549,8,27
C:\EpicForceBackup\EpicForceEngine\EpicForceEngine\MagnumEngineLib\MagnumCore\ResourceAccess.cpp,628,509,265,86,101,0,18,57,8,27
C:\EpicForceBackup\EpicForceEngine\EpicForceEngine\MagnumEngineLib\MagnumCore\ResourceImport.cpp,553,437,242,65,91,6,25,87,8,27
C:\EpicForceBackup\EpicForceEngine\EpicForceEngine\MagnumEngineLib\MagnumCore\ResourcePath.cpp,85,63,30,8,14,0,8,27,8,27
C:\EpicForceBackup\EpicForceEngine\EpicForceEngine\MagnumEngineLib\MagnumCore\Scene.cpp,361,279,147,39,70,0,12,31,8,27
C:\EpicForceBackup\EpicForceEngine\EpicForceEngine\MagnumEngineLib\MagnumCore\SceneCollision.cpp,985,758,406,136,172,4,55,215,8,27
C:\EpicForceBackup\EpicForceEngine\EpicForceEngine\MagnumEngineLib\MagnumCore\Segment2.cpp,10,2,1,0,0,0,8,27,8,27
C:\EpicForceBackup\EpicForceEngine\EpicForceEngine\MagnumEngineLib\MagnumCore\Segment3.cpp,10,2,1,0,0,0,8,27,8,27
C:\EpicForceBackup\EpicForceEngine\EpicForceEngine\MagnumEngineLib\MagnumCore\Selection3.cpp,155,115,55,8,30,0,10,29,8,27
C:\EpicForceBackup\EpicForceEngine\EpicForceEngine\MagnumEngineLib\MagnumCore\Service.cpp,124,92,46,15,22,0,10,31,8,27
C:\EpicForceBackup\EpicForceEngine\EpicForceEngine\MagnumEngineLib\MagnumCore\ShaderProgramBlock.cpp,41,26,14,1,7,0,8,27,8,27
C:\EpicForceBackup\EpicForceEngine\EpicForceEngine\MagnumEngineLib\MagnumCore\Shape3.cpp,57,40,17,7,9,0,8,27,8,27
C:\EpicForceBackup\EpicForceEngine\EpicForceEngine\MagnumEngineLib\MagnumCore\SingleCurve2.cpp,78,46,24,10,14,0,18,55,8,27
C:\EpicForceBackup\EpicForceEngine\EpicForceEngine\MagnumEngineLib\MagnumCore\SingleCurve3.cpp,78,46,24,10,14,0,18,55,8,27
C:\EpicForceBackup\EpicForceEngine\EpicForceEngine\MagnumEngineLib\MagnumCore\SkeletalAnimation.cpp,295,233,132,34,45,0,17,49,8,27
C:\EpicForceBackup\EpicForceEngine\EpicForceEngine\MagnumEngineLib\MagnumCore\SkeletalAnimBase.cpp,43,30,16,1,5,0,8,27,8,27
C:\EpicForceBackup\EpicForceEngine\EpicForceEngine\MagnumEngineLib\MagnumCore\SkeletalAnimBlender.cpp,402,301,155,64,69,1,32,68,8,27
C:\EpicForceBackup\EpicForceEngine\EpicForceEngine\MagnumEngineLib\MagnumCore\SkeletalAnimModel.cpp,1232,955,519,147,219,0,58,124,8,27
C:\EpicForceBackup\EpicForceEngine\EpicForceEngine\MagnumEngineLib\MagnumCore\SkeletalAnimModelComponent.cpp,186,142,73,25,35,0,9,35,8,27
C:\EpicForceBackup\EpicForceEngine\EpicForceEngine\MagnumEngineLib\MagnumCore\SkeletalAnimModelRenderer.cpp,394,284,154,48,47,1,63,126,8,27
C:\EpicForceBackup\EpicForceEngine\EpicForceEngine\MagnumEngineLib\MagnumCore\SkySphere.cpp,613,585,243,7,20,0,8,27,8,27
C:\EpicForceBackup\EpicForceEngine\EpicForceEngine\MagnumEngineLib\MagnumCore\SkySphereRenderer.cpp,85,61,40,4,16,0,8,27,8,27
C:\EpicForceBackup\EpicForceEngine\EpicForceEngine\MagnumEngineLib\MagnumCore\Sphere3.cpp,10,2,1,0,0,0,8,27,8,27
C:\EpicForceBackup\EpicForceEngine\EpicForceEngine\MagnumEngineLib\MagnumCore\Sphere3Collider.cpp,81,57,24,6,16,0,8,27,8,27
C:\EpicForceBackup\EpicForceEngine\EpicForceEngine\MagnumEngineLib\MagnumCore\Sphere3Collision.cpp,171,72,45,9,17,0,82,519,8,27
C:\EpicForceBackup\EpicForceEngine\EpicForceEngine\MagnumEngineLib\MagnumCore\SphereBound.cpp,30,18,8,2,4,0,8,27,8,27
C:\EpicForceBackup\EpicForceEngine\EpicForceEngine\MagnumEngineLib\MagnumCore\SphereShape3.cpp,63,43,26,2,12,0,8,27,8,27
C:\EpicForceBackup\EpicForceEngine\EpicForceEngine\MagnumEngineLib\MagnumCore\SpriteSheet.cpp,790,595,350,83,149,0,46,229,8,27
C:\EpicForceBackup\EpicForceEngine\EpicForceEngine\MagnumEngineLib\MagnumCore\SRTTransform.cpp,118,90,43,15,20,0,8,27,8,27
C:\EpicForceBackup\EpicForceEngine\EpicForceEngine\MagnumEngineLib\MagnumCore\Stage.cpp,254,192,119,15,46,0,16,57,8,27
C:\EpicForceBackup\EpicForceEngine\EpicForceEngine\MagnumEngineLib\MagnumCore\StageAndroidPlatformDepFunc.cpp,89,60,18,4,21,2,8,19,8,17
C:\EpicForceBackup\EpicForceEngine\EpicForceEngine\MagnumEngineLib\MagnumCore\StagePCPlatformDepFunc.cpp,120,90,40,10,22,4,8,37,8,27
C:\EpicForceBackup\EpicForceEngine\EpicForceEngine\MagnumEngineLib\MagnumCore\State.cpp,2,2,1,0,0,0,0,0,0,0
C:\EpicForceBackup\EpicForceEngine\EpicForceEngine\MagnumEngineLib\MagnumCore\StateMachine.cpp,3,2,1,0,1,0,0,0,0,0
C:\EpicForceBackup\EpicForceEngine\EpicForceEngine\MagnumEngineLib\MagnumCore\TCBSpline2.cpp,244,161,117,13,46,0,37,124,8,27
C:\EpicForceBackup\EpicForceEngine\EpicForceEngine\MagnumEngineLib\MagnumCore\TCBSpline3.cpp,253,169,125,13,47,0,37,124,8,27
C:\EpicForceBackup\EpicForceEngine\EpicForceEngine\MagnumEngineLib\MagnumCore\Tetrahedron3.cpp,10,2,1,0,0,0,8,27,8,27
C:\EpicForceBackup\EpicForceEngine\EpicForceEngine\MagnumEngineLib\MagnumCore\Texture2DBase.cpp,19,9,3,0,2,0,8,27,8,27
C:\EpicForceBackup\EpicForceEngine\EpicForceEngine\MagnumEngineLib\MagnumCore\Texture2DFile.cpp,563,393,231,50,105,0,65,265,8,27
C:\EpicForceBackup\EpicForceEngine\EpicForceEngine\MagnumEngineLib\MagnumCore\TextureBase.cpp,60,42,19,4,10,0,8,27,8,27
C:\EpicForceBackup\EpicForceEngine\EpicForceEngine\MagnumEngineLib\MagnumCore\TextureCubeBase.cpp,19,9,3,0,2,0,8,27,8,27
C:\EpicForceBackup\EpicForceEngine\EpicForceEngine\MagnumEngineLib\MagnumCore\TextureCubeFile.cpp,631,457,282,50,114,5,60,312,8,27
C:\EpicForceBackup\EpicForceEngine\EpicForceEngine\MagnumEngineLib\MagnumCore\TextureUniformsBlock.cpp,195,157,72,26,30,0,8,27,8,27
C:\EpicForceBackup\EpicForceEngine\EpicForceEngine\MagnumEngineLib\MagnumCore\tinystr.cpp,112,69,48,8,19,1,24,142,22,134
C:\EpicForceBackup\EpicForceEngine\EpicForceEngine\MagnumEngineLib\MagnumCore\tinyxml.cpp,1819,1379,844,328,328,11,112,721,23,140
C:\EpicForceBackup\EpicForceEngine\EpicForceEngine\MagnumEngineLib\MagnumCore\tinyxmlerror.cpp,53,20,2,0,4,0,29,181,23,145
C:\EpicForceBackup\EpicForceEngine\EpicForceEngine\MagnumEngineLib\MagnumCore\tinyxmlparser.cpp,1638,1231,708,293,189,42,218,1630,23,140
C:\EpicForceBackup\EpicForceEngine\EpicForceEngine\MagnumEngineLib\MagnumCore\Transform.cpp,129,94,51,10,26,0,9,29,8,27
C:\EpicForceBackup\EpicForceEngine\EpicForceEngine\MagnumEngineLib\MagnumCore\Triangle2.cpp,10,2,1,0,0,0,8,27,8,27
C:\EpicForceBackup\EpicForceEngine\EpicForceEngine\MagnumEngineLib\MagnumCore\Triangle3.cpp,10,2,1,0,0,0,8,27,8,27
C:\EpicForceBackup\EpicForceEngine\EpicForceEngine\MagnumEngineLib\MagnumCore\UniformsBlock.cpp,69,49,24,11,12,0,8,27,8,27
C:\EpicForceBackup\EpicForceEngine\EpicForceEngine\MagnumEngineLib\MagnumCore\Vector10.cpp,189,127,90,12,27,0,35,87,8,27
C:\EpicForceBackup\EpicForceEngine\EpicForceEngine\MagnumEngineLib\MagnumCore\Vector2.cpp,15,6,5,0,1,0,8,27,8,27
C:\EpicForceBackup\EpicForceEngine\EpicForceEngine\MagnumEngineLib\MagnumCore\Vector3.cpp,16,7,6,0,1,0,8,27,8,27
C:\EpicForceBackup\EpicForceEngine\EpicForceEngine\MagnumEngineLib\MagnumCore\Vector4.cpp,17,8,7,0,1,0,8,27,8,27
C:\EpicForceBackup\EpicForceEngine\EpicForceEngine\MagnumEngineLib\MagnumCore\VehicleCollider.cpp,62,42,17,3,12,0,8,27,8,27
C:\EpicForceBackup\EpicForceEngine\EpicForceEngine\MagnumEngineLib\MagnumCore\Video.cpp,374,251,150,24,70,1,53,100,8,27
C:\EpicForceBackup\EpicForceEngine\EpicForceEngine\MagnumEngineLib\MagnumCore\VisualEffect.cpp,2006,1603,908,389,355,0,48,105,8,27
C:\EpicForceBackup\EpicForceEngine\EpicForceEngine\MagnumEngineLib\MagnumCore\ZipFile.cpp,73,57,28,6,16,0,0,0,0,0
C:\EpicForceBackup\EpicForceEngine\EpicForceEngine\MagnumEngineLib\MagnumCore\AABB2.h,55,26,12,0,13,1,16,110,8,27
C:\EpicForceBackup\EpicForceEngine\EpicForceEngine\MagnumEngineLib\MagnumCore\AABB3.h,54,26,11,0,12,1,16,110,8,27
C:\EpicForceBackup\EpicForceEngine\EpicForceEngine\MagnumEngineLib\MagnumCore\AnimBase.h,182,41,26,0,8,4,133,701,8,27
C:\EpicForceBackup\EpicForceEngine\EpicForceEngine\MagnumEngineLib\MagnumCore\Arc2.h,56,25,11,0,13,1,18,131,8,27
C:\EpicForceBackup\EpicForceEngine\EpicForceEngine\MagnumEngineLib\MagnumCore\Array.h,1029,544,297,100,107,0,378,1282,8,27
C:\EpicForceBackup\EpicForceEngine\EpicForceEngine\MagnumEngineLib\MagnumCore\AttributesBlock.h,63,45,20,0,9,0,9,28,8,27
C:\EpicForceBackup\EpicForceEngine\EpicForceEngine\MagnumEngineLib\MagnumCore\Audio.h,185,68,47,0,28,0,89,355,8,27
C:\EpicForceBackup\EpicForceEngine\EpicForceEngine\MagnumEngineLib\MagnumCore\AudioClip.h,211,93,53,0,25,0,93,326,8,27
C:\EpicForceBackup\EpicForceEngine\EpicForceEngine\MagnumEngineLib\MagnumCore\AudioComponent.h,77,26,11,0,11,0,40,176,8,27
C:\EpicForceBackup\EpicForceEngine\EpicForceEngine\MagnumEngineLib\MagnumCore\AudioListener.h,89,32,16,0,14,0,43,139,8,27
C:\EpicForceBackup\EpicForceEngine\EpicForceEngine\MagnumEngineLib\MagnumCore\AudioListenerBase.h,58,23,8,0,9,0,26,85,8,27
C:\EpicForceBackup\EpicForceEngine\EpicForceEngine\MagnumEngineLib\MagnumCore\AudioSourceBase.h,250,73,54,0,38,16,139,810,8,27
C:\EpicForceBackup\EpicForceEngine\EpicForceEngine\MagnumEngineLib\MagnumCore\AudioStream.h,152,61,29,0,21,0,70,251,8,27
C:\EpicForceBackup\EpicForceEngine\EpicForceEngine\MagnumEngineLib\MagnumCore\BaryCentric.h,40,24,11,0,8,0,8,27,8,27
C:\EpicForceBackup\EpicForceEngine\EpicForceEngine\MagnumEngineLib\MagnumCore\BasicScene.h,35,20,8,0,6,0,9,28,8,27
C:\EpicForceBackup\EpicForceEngine\EpicForceEngine\MagnumEngineLib\MagnumCore\BezierCurve2.h,64,41,27,0,12,0,11,40,8,27
C:\EpicForceBackup\EpicForceEngine\EpicForceEngine\MagnumEngineLib\MagnumCore\BezierCurve3.h,64,41,27,0,12,0,11,40,8,27
C:\EpicForceBackup\EpicForceEngine\EpicForceEngine\MagnumEngineLib\MagnumCore\BillBoard.h,212,73,45,0,26,0,113,526,8,27
C:\EpicForceBackup\EpicForceEngine\EpicForceEngine\MagnumEngineLib\MagnumCore\BillBoardRenderer.h,83,35,14,1,10,0,38,139,8,27
C:\EpicForceBackup\EpicForceEngine\EpicForceEngine\MagnumEngineLib\MagnumCore\Box3Collider.h,123,39,21,0,17,3,67,262,8,27
C:\EpicForceBackup\EpicForceEngine\EpicForceEngine\MagnumEngineLib\MagnumCore\BoxShape3.h,71,22,10,0,9,0,40,208,8,27
C:\EpicForceBackup\EpicForceEngine\EpicForceEngine\MagnumEngineLib\MagnumCore\BSplineBasis.h,88,46,32,0,18,7,24,184,8,27
C:\EpicForceBackup\EpicForceEngine\EpicForceEngine\MagnumEngineLib\MagnumCore\BSplineCurve2.h,116,46,28,0,20,2,50,470,8,27
C:\EpicForceBackup\EpicForceEngine\EpicForceEngine\MagnumEngineLib\MagnumCore\BSplineCurve3.h,116,46,28,0,20,2,50,470,8,27
C:\EpicForceBackup\EpicForceEngine\EpicForceEngine\MagnumEngineLib\MagnumCore\BVector2.h,54,32,18,0,11,1,11,32,8,27
C:\EpicForceBackup\EpicForceEngine\EpicForceEngine\MagnumEngineLib\MagnumCore\BVector3.h,55,34,20,0,11,1,10,31,8,27
C:\EpicForceBackup\EpicForceEngine\EpicForceEngine\MagnumEngineLib\MagnumCore\BVector4.h,57,36,22,0,11,1,10,31,8,27
C:\EpicForceBackup\EpicForceEngine\EpicForceEngine\MagnumEngineLib\MagnumCore\BVHTriangleMeshCollider.h,124,40,21,0,17,3,67,261,8,27
C:\EpicForceBackup\EpicForceEngine\EpicForceEngine\MagnumEngineLib\MagnumCore\BVHTriangleMeshShape3.h,173,110,66,0,22,0,41,201,8,27
C:\EpicForceBackup\EpicForceEngine\EpicForceEngine\MagnumEngineLib\MagnumCore\CameraComponent.h,255,68,37,0,34,5,153,934,8,27
C:\EpicForceBackup\EpicForceEngine\EpicForceEngine\MagnumEngineLib\MagnumCore\Capsule3.h,38,20,7,0,9,1,9,29,8,27
C:\EpicForceBackup\EpicForceEngine\EpicForceEngine\MagnumEngineLib\MagnumCore\Capsule3Collider.h,133,40,22,0,18,3,75,293,8,27
C:\EpicForceBackup\EpicForceEngine\EpicForceEngine\MagnumEngineLib\MagnumCore\CapsuleBound.h,90,26,11,0,11,0,53,228,8,27
C:\EpicForceBackup\EpicForceEngine\EpicForceEngine\MagnumEngineLib\MagnumCore\CapsuleShape3.h,79,27,12,0,10,3,42,234,8,27
C:\EpicForceBackup\EpicForceEngine\EpicForceEngine\MagnumEngineLib\MagnumCore\Circle2.h,38,20,7,0,9,1,9,29,8,27
C:\EpicForceBackup\EpicForceEngine\EpicForceEngine\MagnumEngineLib\MagnumCore\Circle3.h,45,21,7,0,10,1,14,85,8,27
C:\EpicForceBackup\EpicForceEngine\EpicForceEngine\MagnumEngineLib\MagnumCore\ClassIndexMap.h,55,37,20,1,10,0,8,27,8,27
C:\EpicForceBackup\EpicForceEngine\EpicForceEngine\MagnumEngineLib\MagnumCore\Collision.h,251,117,82,0,33,18,101,688,8,27
C:\EpicForceBackup\EpicForceEngine\EpicForceEngine\MagnumEngineLib\MagnumCore\ColorRGB.h,74,52,49,0,14,0,8,27,8,27
C:\EpicForceBackup\EpicForceEngine\EpicForceEngine\MagnumEngineLib\MagnumCore\ColorRGBA.h,76,54,53,0,14,0,8,27,8,27
C:\EpicForceBackup\EpicForceEngine\EpicForceEngine\MagnumEngineLib\MagnumCore\Component.h,519,146,123,2,79,1,294,1386,8,27
C:\EpicForceBackup\EpicForceEngine\EpicForceEngine\MagnumEngineLib\MagnumCore\Cone3.h,49,24,9,0,10,2,15,101,8,27
C:\EpicForceBackup\EpicForceEngine\EpicForceEngine\MagnumEngineLib\MagnumCore\Cone3Collider.h,133,40,22,0,18,3,75,293,8,27
C:\EpicForceBackup\EpicForceEngine\EpicForceEngine\MagnumEngineLib\MagnumCore\ConeShape3.h,78,26,12,0,10,3,42,234,8,27
C:\EpicForceBackup\EpicForceEngine\EpicForceEngine\MagnumEngineLib\MagnumCore\ConvexHull3Collider.h,55,37,19,0,7,0,11,26,8,23
C:\EpicForceBackup\EpicForceEngine\EpicForceEngine\MagnumEngineLib\MagnumCore\ConvexHullShape3.h,41,21,9,0,7,0,13,76,8,23
C:\EpicForceBackup\EpicForceEngine\EpicForceEngine\MagnumEngineLib\MagnumCore\Cube.h,162,52,30,0,20,0,90,359,8,27
C:\EpicForceBackup\EpicForceEngine\EpicForceEngine\MagnumEngineLib\MagnumCore\CubeRenderer.h,82,34,15,1,10,0,38,139,8,27
C:\EpicForceBackup\EpicForceEngine\EpicForceEngine\MagnumEngineLib\MagnumCore\Curve2.h,97,57,33,0,17,0,23,138,8,27
C:\EpicForceBackup\EpicForceEngine\EpicForceEngine\MagnumEngineLib\MagnumCore\Curve3.h,100,60,35,0,17,0,23,138,8,27
C:\EpicForceBackup\EpicForceEngine\EpicForceEngine\MagnumEngineLib\MagnumCore\Cylinder3.h,41,20,7,0,10,1,11,50,8,27
C:\EpicForceBackup\EpicForceEngine\EpicForceEngine\MagnumEngineLib\MagnumCore\Cylinder3Collider.h,133,40,22,0,18,3,75,293,8,27
C:\EpicForceBackup\EpicForceEngine\EpicForceEngine\MagnumEngineLib\MagnumCore\CylinderShape3.h,79,27,12,0,10,3,42,234,8,27
C:\EpicForceBackup\EpicForceEngine\EpicForceEngine\MagnumEngineLib\MagnumCore\Delegate.h,402,324,161,26,64,0,14,33,8,27
C:\EpicForceBackup\EpicForceEngine\EpicForceEngine\MagnumEngineLib\MagnumCore\DiffuseMapCube.h,143,48,28,0,19,0,76,295,8,27
C:\EpicForceBackup\EpicForceEngine\EpicForceEngine\MagnumEngineLib\MagnumCore\DiffuseMapCubeRenderer.h,87,37,18,1,12,0,38,139,8,27
C:\EpicForceBackup\EpicForceEngine\EpicForceEngine\MagnumEngineLib\MagnumCore\DiffuseMapSpecularMapCube.h,154,50,30,0,20,0,84,338,8,27
C:\EpicForceBackup\EpicForceEngine\EpicForceEngine\MagnumEngineLib\MagnumCore\DiffuseMapSpecularMapCubeRenderer.h,88,37,18,1,13,0,38,139,8,27
C:\EpicForceBackup\EpicForceEngine\EpicForceEngine\MagnumEngineLib\MagnumCore\EditorCameraComponent.h,58,23,8,0,8,0,27,89,8,27
C:\EpicForceBackup\EpicForceEngine\EpicForceEngine\MagnumEngineLib\MagnumCore\EditorGizmo.h,126,58,26,0,13,8,55,262,8,27
C:\EpicForceBackup\EpicForceEngine\EpicForceEngine\MagnumEngineLib\MagnumCore\EditorGizmoRenderer.h,82,34,14,1,10,0,38,152,8,27
C:\EpicForceBackup\EpicForceEngine\EpicForceEngine\MagnumEngineLib\MagnumCore\EMath.h,163,83,61,2,27,0,53,384,8,27
C:\EpicForceBackup\EpicForceEngine\EpicForceEngine\MagnumEngineLib\MagnumCore\Entity.h,493,200,121,20,68,2,225,1149,8,27
C:\EpicForceBackup\EpicForceEngine\EpicForceEngine\MagnumEngineLib\MagnumCore\EntityFieldReader.h,37,21,9,0,8,0,8,27,8,27
C:\EpicForceBackup\EpicForceEngine\EpicForceEngine\MagnumEngineLib\MagnumCore\EntityFieldWriter.h,37,21,9,0,8,0,8,27,8,27
C:\EpicForceBackup\EpicForceEngine\EpicForceEngine\MagnumEngineLib\MagnumCore\EntityPropertyReader.h,37,21,9,0,8,0,8,27,8,27
C:\EpicForceBackup\EpicForceEngine\EpicForceEngine\MagnumEngineLib\MagnumCore\EntityPropertyWriter.h,37,21,9,0,8,0,8,27,8,27
C:\EpicForceBackup\EpicForceEngine\EpicForceEngine\MagnumEngineLib\MagnumCore\EString.h,208,152,138,0,27,29,29,403,8,27
C:\EpicForceBackup\EpicForceEngine\EpicForceEngine\MagnumEngineLib\MagnumCore\ESystem.h,98,72,50,2,18,0,8,27,8,27
C:\EpicForceBackup\EpicForceEngine\EpicForceEngine\MagnumEngineLib\MagnumCore\FileIO.h,67,50,40,0,9,0,8,27,8,27
C:\EpicForceBackup\EpicForceEngine\EpicForceEngine\MagnumEngineLib\MagnumCore\Font.h,221,133,94,0,37,0,51,201,8,27
C:\EpicForceBackup\EpicForceEngine\EpicForceEngine\MagnumEngineLib\MagnumCore\Frame3.h,403,77,64,0,58,0,268,1391,8,27
C:\EpicForceBackup\EpicForceEngine\EpicForceEngine\MagnumEngineLib\MagnumCore\GameDescriptor.h,64,43,33,0,11,0,10,30,8,27
C:\EpicForceBackup\EpicForceEngine\EpicForceEngine\MagnumEngineLib\MagnumCore\gldef.h,45,23,0,0,13,0,9,29,8,27
C:\EpicForceBackup\EpicForceEngine\EpicForceEngine\MagnumEngineLib\MagnumCore\Graphics2.h,74,49,29,0,16,0,9,24,8,23
C:\EpicForceBackup\EpicForceEngine\EpicForceEngine\MagnumEngineLib\MagnumCore\Graphics2Component.h,57,25,7,0,8,0,24,82,8,27
C:\EpicForceBackup\EpicForceEngine\EpicForceEngine\MagnumEngineLib\MagnumCore\Graphics3Component.h,73,39,11,0,9,8,25,149,8,27
C:\EpicForceBackup\EpicForceEngine\EpicForceEngine\MagnumEngineLib\MagnumCore\GXAttribute.h,41,26,18,0,12,0,3,11,0,0
C:\EpicForceBackup\EpicForceEngine\EpicForceEngine\MagnumEngineLib\MagnumCore\GXBlendState.h,43,27,17,1,13,0,3,11,0,0
C:\EpicForceBackup\EpicForceEngine\EpicForceEngine\MagnumEngineLib\MagnumCore\GXColorBuffer.h,25,16,8,0,5,0,4,14,0,0
C:\EpicForceBackup\EpicForceEngine\EpicForceEngine\MagnumEngineLib\MagnumCore\GXContext.h,339,220,145,0,105,0,14,38,0,0
C:\EpicForceBackup\EpicForceEngine\EpicForceEngine\MagnumEngineLib\MagnumCore\GXCullState.h,33,21,11,1,9,0,3,12,0,0
C:\EpicForceBackup\EpicForceEngine\EpicForceEngine\MagnumEngineLib\MagnumCore\GXDebugRenderer.h,34,24,10,0,7,0,3,9,0,0
C:\EpicForceBackup\EpicForceEngine\EpicForceEngine\MagnumEngineLib\MagnumCore\GXDef.h,1837,1595,1010,177,140,123,102,1100,0,0
C:\EpicForceBackup\EpicForceEngine\EpicForceEngine\MagnumEngineLib\MagnumCore\GXDepthBuffer.h,25,16,8,0,5,0,4,15,0,0
C:\EpicForceBackup\EpicForceEngine\EpicForceEngine\MagnumEngineLib\MagnumCore\GXDepthTestState.h,38,24,14,1,11,0,3,13,0,0
C:\EpicForceBackup\EpicForceEngine\EpicForceEngine\MagnumEngineLib\MagnumCore\GXFrameBuffer.h,64,42,30,0,19,0,3,12,0,0
C:\EpicForceBackup\EpicForceEngine\EpicForceEngine\MagnumEngineLib\MagnumCore\GXIndexBuffer.h,51,34,20,0,14,0,3,12,0,0
C:\EpicForceBackup\EpicForceEngine\EpicForceEngine\MagnumEngineLib\MagnumCore\GXPixelBuffer.h,64,41,30,0,20,0,3,14,0,0
C:\EpicForceBackup\EpicForceEngine\EpicForceEngine\MagnumEngineLib\MagnumCore\GXPolygonOffsetState.h,34,22,12,1,9,0,3,13,0,0
C:\EpicForceBackup\EpicForceEngine\EpicForceEngine\MagnumEngineLib\MagnumCore\GXPrimitive.h,28,19,11,0,6,0,3,10,0,0
C:\EpicForceBackup\EpicForceEngine\EpicForceEngine\MagnumEngineLib\MagnumCore\GXRenderTarget.h,42,30,17,0,12,0,0,0,0,0
C:\EpicForceBackup\EpicForceEngine\EpicForceEngine\MagnumEngineLib\MagnumCore\GXShaderProgram.h,131,83,63,0,36,0,12,34,0,0
C:\EpicForceBackup\EpicForceEngine\EpicForceEngine\MagnumEngineLib\MagnumCore\GXStencilOpState.h,43,27,17,1,13,0,3,12,0,0
C:\EpicForceBackup\EpicForceEngine\EpicForceEngine\MagnumEngineLib\MagnumCore\GXStencilTestState.h,49,31,20,1,15,0,3,12,0,0
C:\EpicForceBackup\EpicForceEngine\EpicForceEngine\MagnumEngineLib\MagnumCore\GXTexture.h,56,36,23,0,17,0,3,19,0,0
C:\EpicForceBackup\EpicForceEngine\EpicForceEngine\MagnumEngineLib\MagnumCore\GXTexture2D.h,44,27,17,0,14,0,3,21,0,0
C:\EpicForceBackup\EpicForceEngine\EpicForceEngine\MagnumEngineLib\MagnumCore\GXTextureCube.h,49,32,17,0,14,0,3,22,0,0
C:\EpicForceBackup\EpicForceEngine\EpicForceEngine\MagnumEngineLib\MagnumCore\GXTextureFilterState.h,33,20,12,0,10,0,3,15,0,0
C:\EpicForceBackup\EpicForceEngine\EpicForceEngine\MagnumEngineLib\MagnumCore\GXTextureWrapState.h,33,20,12,0,10,0,3,11,0,0
C:\EpicForceBackup\EpicForceEngine\EpicForceEngine\MagnumEngineLib\MagnumCore\GXUniform.h,73,47,33,0,23,0,3,11,0,0
C:\EpicForceBackup\EpicForceEngine\EpicForceEngine\MagnumEngineLib\MagnumCore\GXVertexBuffer.h,118,62,41,0,22,0,34,115,0,0
C:\EpicForceBackup\EpicForceEngine\EpicForceEngine\MagnumEngineLib\MagnumCore\HeightFieldCollider.h,103,37,19,0,15,3,51,189,8,27
C:\EpicForceBackup\EpicForceEngine\EpicForceEngine\MagnumEngineLib\MagnumCore\HeightFieldShape3.h,154,94,57,0,19,0,41,201,8,27
C:\EpicForceBackup\EpicForceEngine\EpicForceEngine\MagnumEngineLib\MagnumCore\IComponentDebugRenderer.h,179,148,56,0,23,0,8,27,8,27
C:\EpicForceBackup\EpicForceEngine\EpicForceEngine\MagnumEngineLib\MagnumCore\Input.h,371,313,127,11,37,0,21,48,8,27
C:\EpicForceBackup\EpicForceEngine\EpicForceEngine\MagnumEngineLib\MagnumCore\InputStream.h,565,230,153,19,73,1,262,1391,8,27
C:\EpicForceBackup\EpicForceEngine\EpicForceEngine\MagnumEngineLib\MagnumCore\IO.h,83,63,46,0,12,0,8,27,8,27
C:\EpicForceBackup\EpicForceEngine\EpicForceEngine\MagnumEngineLib\MagnumCore\IVector2.h,86,54,42,0,16,6,16,47,8,27
C:\EpicForceBackup\EpicForceEngine\EpicForceEngine\MagnumEngineLib\MagnumCore\IVector3.h,88,56,44,0,16,6,16,47,8,27
C:\EpicForceBackup\EpicForceEngine\EpicForceEngine\MagnumEngineLib\MagnumCore\IVector4.h,94,60,48,0,17,7,17,50,8,27
C:\EpicForceBackup\EpicForceEngine\EpicForceEngine\MagnumEngineLib\MagnumCore\Layer.h,55,32,18,0,11,0,12,21,8,17
C:\EpicForceBackup\EpicForceEngine\EpicForceEngine\MagnumEngineLib\MagnumCore\Line2.h,42,19,6,0,11,1,12,59,8,27
C:\EpicForceBackup\EpicForceEngine\EpicForceEngine\MagnumEngineLib\MagnumCore\Line3.h,41,19,6,0,10,1,12,59,8,27
C:\EpicForceBackup\EpicForceEngine\EpicForceEngine\MagnumEngineLib\MagnumCore\List.h,557,455,242,83,94,1,8,27,8,27
C:\EpicForceBackup\EpicForceEngine\EpicForceEngine\MagnumEngineLib\MagnumCore\Lozenge3.h,39,20,7,0,10,1,9,29,8,27
C:\EpicForceBackup\EpicForceEngine\EpicForceEngine\MagnumEngineLib\MagnumCore\MagnumEngine.h,210,199,1,0,3,0,8,27,8,27
C:\EpicForceBackup\EpicForceEngine\EpicForceEngine\MagnumEngineLib\MagnumCore\MagnumPrefab.h,108,81,50,0,17,0,10,29,8,27
C:\EpicForceBackup\EpicForceEngine\EpicForceEngine\MagnumEngineLib\MagnumCore\MagnumScene.h,108,81,50,0,17,0,10,29,8,27
C:\EpicForceBackup\EpicForceEngine\EpicForceEngine\MagnumEngineLib\MagnumCore\Matrix2.h,180,80,64,0,32,5,68,508,8,27
C:\EpicForceBackup\EpicForceEngine\EpicForceEngine\MagnumEngineLib\MagnumCore\Matrix3.h,249,114,86,0,38,7,97,743,8,27
C:\EpicForceBackup\EpicForceEngine\EpicForceEngine\MagnumEngineLib\MagnumCore\Matrix4.h,204,119,96,0,31,8,54,396,8,27
C:\EpicForceBackup\EpicForceEngine\EpicForceEngine\MagnumEngineLib\MagnumCore\MultipleCurve2.h,72,38,22,0,16,0,18,94,8,27
C:\EpicForceBackup\EpicForceEngine\EpicForceEngine\MagnumEngineLib\MagnumCore\MultipleCurve3.h,72,38,22,0,16,0,18,94,8,27
C:\EpicForceBackup\EpicForceEngine\EpicForceEngine\MagnumEngineLib\MagnumCore\OrthographicCameraComponent.h,221,124,87,4,17,0,80,505,8,27
C:\EpicForceBackup\EpicForceEngine\EpicForceEngine\MagnumEngineLib\MagnumCore\OutputStream.h,493,233,151,19,65,0,195,995,8,27
C:\EpicForceBackup\EpicForceEngine\EpicForceEngine\MagnumEngineLib\MagnumCore\ParticleEmitter.h,304,92,65,0,40,0,172,798,8,27
C:\EpicForceBackup\EpicForceEngine\EpicForceEngine\MagnumEngineLib\MagnumCore\ParticleEmitterRenderer.h,86,34,14,1,10,0,42,157,8,27
C:\EpicForceBackup\EpicForceEngine\EpicForceEngine\MagnumEngineLib\MagnumCore\PerspectiveCameraComponent.h,225,110,73,4,19,0,96,663,8,27
C:\EpicForceBackup\EpicForceEngine\EpicForceEngine\MagnumEngineLib\MagnumCore\Physics3.h,1385,388,303,0,211,30,786,5010,8,27
C:\EpicForceBackup\EpicForceEngine\EpicForceEngine\MagnumEngineLib\MagnumCore\Plane3.h,74,30,17,0,18,1,26,204,8,27
C:\EpicForceBackup\EpicForceEngine\EpicForceEngine\MagnumEngineLib\MagnumCore\Platform.h,43,27,15,0,8,0,8,27,8,27
C:\EpicForceBackup\EpicForceEngine\EpicForceEngine\MagnumEngineLib\MagnumCore\Polyhedron3.h,82,39,23,0,16,0,27,205,8,27
C:\EpicForceBackup\EpicForceEngine\EpicForceEngine\MagnumEngineLib\MagnumCore\Polynomial1.h,95,50,36,0,19,4,26,182,8,27
C:\EpicForceBackup\EpicForceEngine\EpicForceEngine\MagnumEngineLib\MagnumCore\ProjectModelViewBase.h,159,121,75,0,35,1,3,4,0,0
C:\EpicForceBackup\EpicForceEngine\EpicForceEngine\MagnumEngineLib\MagnumCore\PVRTexConvert.h,74,53,23,0,13,0,8,27,8,27
C:\EpicForceBackup\EpicForceEngine\EpicForceEngine\MagnumEngineLib\MagnumCore\PVRTexLoad.h,257,193,18,0,40,25,24,179,8,27
C:\EpicForceBackup\EpicForceEngine\EpicForceEngine\MagnumEngineLib\MagnumCore\Quadratic2.h,99,45,30,0,20,6,34,235,8,27
C:\EpicForceBackup\EpicForceEngine\EpicForceEngine\MagnumEngineLib\MagnumCore\Quadratic3.h,108,54,38,0,19,10,35,249,8,27
C:\EpicForceBackup\EpicForceEngine\EpicForceEngine\MagnumEngineLib\MagnumCore\Quaternion.h,166,91,71,0,34,11,41,320,8,27
C:\EpicForceBackup\EpicForceEngine\EpicForceEngine\MagnumEngineLib\MagnumCore\Ray2.h,41,19,6,0,10,1,12,62,8,27
C:\EpicForceBackup\EpicForceEngine\EpicForceEngine\MagnumEngineLib\MagnumCore\Ray3.h,42,19,6,0,11,1,12,62,8,27
C:\EpicForceBackup\EpicForceEngine\EpicForceEngine\MagnumEngineLib\MagnumCore\RaySphereCast.h,259,138,81,8,30,0,91,629,8,27
C:\EpicForceBackup\EpicForceEngine\EpicForceEngine\MagnumEngineLib\MagnumCore\Rectangle2.h,86,54,42,0,16,1,16,42,8,27
C:\EpicForceBackup\EpicForceEngine\EpicForceEngine\MagnumEngineLib\MagnumCore\Rectangle3.h,55,29,14,0,12,5,14,101,8,27
C:\EpicForceBackup\EpicForceEngine\EpicForceEngine\MagnumEngineLib\MagnumCore\ReflectedClassFieldReader.h,149,120,40,11,21,0,8,27,8,27
C:\EpicForceBackup\EpicForceEngine\EpicForceEngine\MagnumEngineLib\MagnumCore\ReflectedClassFieldWriter.h,144,112,36,10,24,0,8,27,8,27
C:\EpicForceBackup\EpicForceEngine\EpicForceEngine\MagnumEngineLib\MagnumCore\ReflectedClassPropertyReader.h,149,120,40,11,21,0,8,27,8,27
C:\EpicForceBackup\EpicForceEngine\EpicForceEngine\MagnumEngineLib\MagnumCore\ReflectedClassPropertyWriter.h,145,112,36,10,25,0,8,27,8,27
C:\EpicForceBackup\EpicForceEngine\EpicForceEngine\MagnumEngineLib\MagnumCore\reflection.h,2132,1441,560,146,263,2,428,2422,19,130
C:\EpicForceBackup\EpicForceEngine\EpicForceEngine\MagnumEngineLib\MagnumCore\RendererBase.h,64,27,11,0,8,0,29,140,8,27
C:\EpicForceBackup\EpicForceEngine\EpicForceEngine\MagnumEngineLib\MagnumCore\RenderStatesBlock.h,81,55,44,0,18,33,8,221,8,27
C:\EpicForceBackup\EpicForceEngine\EpicForceEngine\MagnumEngineLib\MagnumCore\ResourceAccess.h,351,196,131,12,54,2,101,472,8,27
C:\EpicForceBackup\EpicForceEngine\EpicForceEngine\MagnumEngineLib\MagnumCore\ResourceImport.h,258,165,112,9,45,0,48,210,8,27
C:\EpicForceBackup\EpicForceEngine\EpicForceEngine\MagnumEngineLib\MagnumCore\ResourcePath.h,98,30,18,0,14,0,54,193,8,27
C:\EpicForceBackup\EpicForceEngine\EpicForceEngine\MagnumEngineLib\MagnumCore\Scene.h,180,114,78,1,24,16,42,333,8,27
C:\EpicForceBackup\EpicForceEngine\EpicForceEngine\MagnumEngineLib\MagnumCore\SceneCollision.h,403,293,197,0,63,16,47,255,8,27
C:\EpicForceBackup\EpicForceEngine\EpicForceEngine\MagnumEngineLib\MagnumCore\Segment2.h,52,23,9,0,12,3,17,115,8,27
C:\EpicForceBackup\EpicForceEngine\EpicForceEngine\MagnumEngineLib\MagnumCore\Segment3.h,51,23,9,0,11,3,17,115,8,27
C:\EpicForceBackup\EpicForceEngine\EpicForceEngine\MagnumEngineLib\MagnumCore\Selection3.h,158,83,48,0,26,0,49,212,8,27
C:\EpicForceBackup\EpicForceEngine\EpicForceEngine\MagnumEngineLib\MagnumCore\Semantic.h,63,49,4,0,6,0,8,27,8,27
C:\EpicForceBackup\EpicForceEngine\EpicForceEngine\MagnumEngineLib\MagnumCore\Service.h,181,77,44,1,28,0,76,328,8,27
C:\EpicForceBackup\EpicForceEngine\EpicForceEngine\MagnumEngineLib\MagnumCore\ShaderProgramBlock.h,55,38,13,0,9,0,8,27,8,27
C:\EpicForceBackup\EpicForceEngine\EpicForceEngine\MagnumEngineLib\MagnumCore\Shape3.h,207,77,29,0,20,11,110,559,8,27
C:\EpicForceBackup\EpicForceEngine\EpicForceEngine\MagnumEngineLib\MagnumCore\SingleCurve2.h,44,24,10,0,10,0,10,33,8,27
C:\EpicForceBackup\EpicForceEngine\EpicForceEngine\MagnumEngineLib\MagnumCore\SingleCurve3.h,44,24,10,0,10,0,10,33,8,27
C:\EpicForceBackup\EpicForceEngine\EpicForceEngine\MagnumEngineLib\MagnumCore\Singleton.h,52,33,16,2,11,0,8,27,8,27
C:\EpicForceBackup\EpicForceEngine\EpicForceEngine\MagnumEngineLib\MagnumCore\SkeletalAnimation.h,211,57,37,0,12,0,142,685,8,27
C:\EpicForceBackup\EpicForceEngine\EpicForceEngine\MagnumEngineLib\MagnumCore\SkeletalAnimBase.h,252,58,35,0,9,0,185,986,8,27
C:\EpicForceBackup\EpicForceEngine\EpicForceEngine\MagnumEngineLib\MagnumCore\SkeletalAnimBlender.h,433,77,66,1,18,0,338,1941,8,27
C:\EpicForceBackup\EpicForceEngine\EpicForceEngine\MagnumEngineLib\MagnumCore\SkeletalAnimModel.h,752,431,324,4,135,0,186,1103,8,27
C:\EpicForceBackup\EpicForceEngine\EpicForceEngine\MagnumEngineLib\MagnumCore\SkeletalAnimModelComponent.h,146,52,30,0,19,0,75,348,8,27
C:\EpicForceBackup\EpicForceEngine\EpicForceEngine\MagnumEngineLib\MagnumCore\SkeletalAnimModelRenderer.h,137,46,27,1,18,0,73,310,8,27
C:\EpicForceBackup\EpicForceEngine\EpicForceEngine\MagnumEngineLib\MagnumCore\SkySphere.h,129,45,26,0,19,0,65,253,8,27
C:\EpicForceBackup\EpicForceEngine\EpicForceEngine\MagnumEngineLib\MagnumCore\SkySphereRenderer.h,83,36,14,1,9,0,38,139,8,27
C:\EpicForceBackup\EpicForceEngine\EpicForceEngine\MagnumEngineLib\MagnumCore\Sphere3.h,44,22,9,0,11,1,11,47,8,27
C:\EpicForceBackup\EpicForceEngine\EpicForceEngine\MagnumEngineLib\MagnumCore\Sphere3Collider.h,123,39,21,0,17,3,67,259,8,27
C:\EpicForceBackup\EpicForceEngine\EpicForceEngine\MagnumEngineLib\MagnumCore\Sphere3Collision.h,102,23,14,0,12,1,67,346,8,27
C:\EpicForceBackup\EpicForceEngine\EpicForceEngine\MagnumEngineLib\MagnumCore\SphereBound.h,80,25,10,0,10,0,45,194,8,27
C:\EpicForceBackup\EpicForceEngine\EpicForceEngine\MagnumEngineLib\MagnumCore\SphereShape3.h,69,20,10,0,9,0,40,199,8,27
C:\EpicForceBackup\EpicForceEngine\EpicForceEngine\MagnumEngineLib\MagnumCore\SpriteSheet.h,234,190,133,1,35,0,9,28,8,27
C:\EpicForceBackup\EpicForceEngine\EpicForceEngine\MagnumEngineLib\MagnumCore\SRTTransform.h,57,37,24,0,12,0,8,27,8,27
C:\EpicForceBackup\EpicForceEngine\EpicForceEngine\MagnumEngineLib\MagnumCore\Stage.h,147,116,72,0,17,1,14,37,8,27
C:\EpicForceBackup\EpicForceEngine\EpicForceEngine\MagnumEngineLib\MagnumCore\State.h,38,31,17,0,7,0,0,0,0,0
C:\EpicForceBackup\EpicForceEngine\EpicForceEngine\MagnumEngineLib\MagnumCore\StateMachine.h,179,142,66,28,37,0,0,0,0,0
C:\EpicForceBackup\EpicForceEngine\EpicForceEngine\MagnumEngineLib\MagnumCore\TCBSpline2.h,82,56,33,0,16,0,10,38,8,27
C:\EpicForceBackup\EpicForceEngine\EpicForceEngine\MagnumEngineLib\MagnumCore\TCBSpline3.h,81,55,33,0,16,0,10,38,8,27
C:\EpicForceBackup\EpicForceEngine\EpicForceEngine\MagnumEngineLib\MagnumCore\Tetrahedron3.h,55,24,9,0,12,1,19,106,8,27
C:\EpicForceBackup\EpicForceEngine\EpicForceEngine\MagnumEngineLib\MagnumCore\Texture2DBase.h,45,18,7,0,7,0,20,66,8,27
C:\EpicForceBackup\EpicForceEngine\EpicForceEngine\MagnumEngineLib\MagnumCore\Texture2DFile.h,238,103,68,0,31,0,104,428,8,27
C:\EpicForceBackup\EpicForceEngine\EpicForceEngine\MagnumEngineLib\MagnumCore\TextureBase.h,140,36,23,0,21,0,83,457,8,27
C:\EpicForceBackup\EpicForceEngine\EpicForceEngine\MagnumEngineLib\MagnumCore\TextureCubeBase.h,45,18,7,0,7,0,20,66,8,27
C:\EpicForceBackup\EpicForceEngine\EpicForceEngine\MagnumEngineLib\MagnumCore\TextureCubeFile.h,239,103,68,0,32,0,104,428,8,27
C:\EpicForceBackup\EpicForceEngine\EpicForceEngine\MagnumEngineLib\MagnumCore\TextureUniformsBlock.h,78,58,25,0,12,0,8,27,8,27
C:\EpicForceBackup\EpicForceEngine\EpicForceEngine\MagnumEngineLib\MagnumCore\tinystr.h,306,173,100,19,58,5,75,514,22,134
C:\EpicForceBackup\EpicForceEngine\EpicForceEngine\MagnumEngineLib\MagnumCore\tinyxml.h,1806,803,530,45,259,92,744,5536,23,140
C:\EpicForceBackup\EpicForceEngine\EpicForceEngine\MagnumEngineLib\MagnumCore\Transform.h,59,39,25,0,11,0,9,29,8,27
C:\EpicForceBackup\EpicForceEngine\EpicForceEngine\MagnumEngineLib\MagnumCore\Triangle2.h,42,21,7,0,10,1,11,43,8,27
C:\EpicForceBackup\EpicForceEngine\EpicForceEngine\MagnumEngineLib\MagnumCore\Triangle3.h,42,21,7,0,10,1,11,43,8,27
C:\EpicForceBackup\EpicForceEngine\EpicForceEngine\MagnumEngineLib\MagnumCore\UniformsBlock.h,64,46,14,0,10,0,8,27,8,27
C:\EpicForceBackup\EpicForceEngine\EpicForceEngine\MagnumEngineLib\MagnumCore\Vector10.h,63,38,27,0,13,3,12,42,8,27
C:\EpicForceBackup\EpicForceEngine\EpicForceEngine\MagnumEngineLib\MagnumCore\Vector2.h,122,69,53,0,24,6,29,137,8,27
C:\EpicForceBackup\EpicForceEngine\EpicForceEngine\MagnumEngineLib\MagnumCore\Vector3.h,127,73,57,0,22,6,32,188,8,27
C:\EpicForceBackup\EpicForceEngine\EpicForceEngine\MagnumEngineLib\MagnumCore\Vector4.h,100,64,52,0,18,7,18,52,8,27
C:\EpicForceBackup\EpicForceEngine\EpicForceEngine\MagnumEngineLib\MagnumCore\VehicleCollider.h,102,35,17,0,16,2,51,184,8,27
C:\EpicForceBackup\EpicForceEngine\EpicForceEngine\MagnumEngineLib\MagnumCore\Video.h,197,81,54,0,30,7,86,471,8,27
C:\EpicForceBackup\EpicForceEngine\EpicForceEngine\MagnumEngineLib\MagnumCore\VisualEffect.h,314,246,163,4,56,0,12,41,8,27
C:\EpicForceBackup\EpicForceEngine\EpicForceEngine\MagnumEngineLib\MagnumCore\ZipFile.h,32,24,15,0,8,0,0,0,0,0
C:\EpicForceBackup\EpicForceEngine\EpicForceEngine\MagnumEngineLib\MagnumCore\AABB2.inl,90,70,34,13,4,0,16,35,9,28
C:\EpicForceBackup\EpicForceEngine\EpicForceEngine\MagnumEngineLib\MagnumCore\AABB3.inl,89,67,34,14,5,0,17,36,9,28
C:\EpicForceBackup\EpicForceEngine\EpicForceEngine\MagnumEngineLib\MagnumCore\Arc2.inl,98,63,32,9,7,0,28,185,9,28
C:\EpicForceBackup\EpicForceEngine\EpicForceEngine\MagnumEngineLib\MagnumCore\BVector2.inl,54,38,20,7,2,0,14,33,8,27
C:\EpicForceBackup\EpicForceEngine\EpicForceEngine\MagnumEngineLib\MagnumCore\BVector3.inl,61,50,26,10,2,0,9,9,0,0
C:\EpicForceBackup\EpicForceEngine\EpicForceEngine\MagnumEngineLib\MagnumCore\BVector4.inl,71,58,30,12,2,0,11,11,0,0
C:\EpicForceBackup\EpicForceEngine\EpicForceEngine\MagnumEngineLib\MagnumCore\Capsule3.inl,25,11,3,0,2,0,12,31,9,28
C:\EpicForceBackup\EpicForceEngine\EpicForceEngine\MagnumEngineLib\MagnumCore\Circle2.inl,23,9,3,0,2,0,12,31,9,28
C:\EpicForceBackup\EpicForceEngine\EpicForceEngine\MagnumEngineLib\MagnumCore\Circle3.inl,30,16,3,0,2,0,12,31,9,28
C:\EpicForceBackup\EpicForceEngine\EpicForceEngine\MagnumEngineLib\MagnumCore\Cone3.inl,40,24,7,0,3,0,13,32,9,28
C:\EpicForceBackup\EpicForceEngine\EpicForceEngine\MagnumEngineLib\MagnumCore\Cylinder3.inl,27,13,4,0,2,0,12,31,9,28
C:\EpicForceBackup\EpicForceEngine\EpicForceEngine\MagnumEngineLib\MagnumCore\EMath.inl,441,347,246,62,47,0,47,66,9,28
C:\EpicForceBackup\EpicForceEngine\EpicForceEngine\MagnumEngineLib\MagnumCore\IVector2.inl,224,178,94,28,4,0,42,66,9,28
C:\EpicForceBackup\EpicForceEngine\EpicForceEngine\MagnumEngineLib\MagnumCore\IVector3.inl,250,203,110,30,3,0,44,68,9,28
C:\EpicForceBackup\EpicForceEngine\EpicForceEngine\MagnumEngineLib\MagnumCore\IVector4.inl,277,228,126,32,3,0,46,70,9,28
C:\EpicForceBackup\EpicForceEngine\EpicForceEngine\MagnumEngineLib\MagnumCore\Line2.inl,26,12,2,0,2,0,12,31,9,28
C:\EpicForceBackup\EpicForceEngine\EpicForceEngine\MagnumEngineLib\MagnumCore\Line3.inl,26,12,2,0,2,0,12,31,9,28
C:\EpicForceBackup\EpicForceEngine\EpicForceEngine\MagnumEngineLib\MagnumCore\Lozenge3.inl,25,11,3,0,2,0,12,31,9,28
C:\EpicForceBackup\EpicForceEngine\EpicForceEngine\MagnumEngineLib\MagnumCore\Matrix2.inl,666,511,286,77,74,0,81,152,9,28
C:\EpicForceBackup\EpicForceEngine\EpicForceEngine\MagnumEngineLib\MagnumCore\Matrix3.inl,2102,1626,1066,177,208,1,268,1171,9,28
C:\EpicForceBackup\EpicForceEngine\EpicForceEngine\MagnumEngineLib\MagnumCore\Matrix4.inl,1598,1165,792,112,120,0,313,909,9,28
C:\EpicForceBackup\EpicForceEngine\EpicForceEngine\MagnumEngineLib\MagnumCore\Plane3.inl,95,67,31,8,8,0,20,39,9,28
C:\EpicForceBackup\EpicForceEngine\EpicForceEngine\MagnumEngineLib\MagnumCore\Polyhedron3.inl,180,144,83,17,11,0,25,51,9,28
C:\EpicForceBackup\EpicForceEngine\EpicForceEngine\MagnumEngineLib\MagnumCore\Polynomial1.inl,438,362,210,64,32,1,44,82,9,28
C:\EpicForceBackup\EpicForceEngine\EpicForceEngine\MagnumEngineLib\MagnumCore\Quadratic2.inl,209,165,98,27,9,0,35,54,9,28
C:\EpicForceBackup\EpicForceEngine\EpicForceEngine\MagnumEngineLib\MagnumCore\Quadratic3.inl,290,230,147,35,13,12,47,102,9,28
C:\EpicForceBackup\EpicForceEngine\EpicForceEngine\MagnumEngineLib\MagnumCore\Quaternion.inl,848,644,384,89,51,2,153,667,9,28
C:\EpicForceBackup\EpicForceEngine\EpicForceEngine\MagnumEngineLib\MagnumCore\Ray2.inl,26,12,2,0,2,0,12,31,9,28
C:\EpicForceBackup\EpicForceEngine\EpicForceEngine\MagnumEngineLib\MagnumCore\Ray3.inl,26,12,2,0,2,0,12,31,9,28
C:\EpicForceBackup\EpicForceEngine\EpicForceEngine\MagnumEngineLib\MagnumCore\Rectangle2.inl,277,228,126,32,3,0,46,70,9,28
C:\EpicForceBackup\EpicForceEngine\EpicForceEngine\MagnumEngineLib\MagnumCore\Rectangle3.inl,82,61,25,5,3,0,18,37,9,28
C:\EpicForceBackup\EpicForceEngine\EpicForceEngine\MagnumEngineLib\MagnumCore\Segment2.inl,39,23,6,2,2,0,14,33,9,28
C:\EpicForceBackup\EpicForceEngine\EpicForceEngine\MagnumEngineLib\MagnumCore\Segment3.inl,35,19,6,2,2,0,14,33,9,28
C:\EpicForceBackup\EpicForceEngine\EpicForceEngine\MagnumEngineLib\MagnumCore\Sphere3.inl,41,25,7,1,2,0,14,33,9,28
C:\EpicForceBackup\EpicForceEngine\EpicForceEngine\MagnumEngineLib\MagnumCore\Tetrahedron3.inl,100,79,44,10,5,8,16,49,9,28
C:\EpicForceBackup\EpicForceEngine\EpicForceEngine\MagnumEngineLib\MagnumCore\Triangle2.inl,35,20,8,1,2,0,13,32,9,28
C:\EpicForceBackup\EpicForceEngine\EpicForceEngine\MagnumEngineLib\MagnumCore\Triangle3.inl,33,18,7,1,2,0,13,32,9,28
C:\EpicForceBackup\EpicForceEngine\EpicForceEngine\MagnumEngineLib\MagnumCore\Vector2.inl,439,351,190,50,13,0,75,216,9,28
C:\EpicForceBackup\EpicForceEngine\EpicForceEngine\MagnumEngineLib\MagnumCore\Vector3.inl,656,548,322,62,17,6,91,285,9,28
C:\EpicForceBackup\EpicForceEngine\EpicForceEngine\MagnumEngineLib\MagnumCore\Vector4.inl,328,273,147,37,5,0,50,74,9,28
